[
  {
    "Id": 1,
    "Title": "远程集中计量",
    "Icon": "mdi-trending-up",
    "Href": "home/home"
  },
  {
    "Id": 18,
    "Title": "进煤计划预制",
    "Icon": "mdi-file-outline",
    "Href": "plan/carplan"
  },
  {
    "Id": 8,
    "Title": "物流订单",
    "Icon": "mdi-calendar-check-outline",
    "Href": "transportationrecords/index"
  },
  {
    "Id": 27,
    "Title": "异常记录",
    "Icon": "mdi-bell-alert-outline",
    "Href": "abnormalrRecords/inrdex"
  },
  {
    "Id": 4,
    "Title": "车辆建档",
    "Icon": "mdi-car-back",
    "Href": "car/carmanage"
  },

  {
    "Id": 8,
    "Title": "衡管理",
    "Icon": "mdi-calendar-check-outline",
    "Href": "scale/scalemanage"
  },
  {
    "Id": 14,
    "Title": "用户管理",
    "Icon": "mdi-account-outline",
    "Href": "user/listmanage"
  },
  {
    "Id": 9,
    "Title": "系统设置",
    "Icon": "mdi-application-cog-outline",
    "Href": "sysseting/inrdex"
  }
]
