[
  {
    "Id": 1,
    "Title": "远程集中计量",
    "Icon": "mdi-trending-up",
    "Href": "home/home"
  },
  {
    "Id": 18,
    "Title": "进煤计划预制",
    "Icon": "mdi-file-outline",
    "Href": "plan/index"
  },
  {
    "Id": 8,
    "Title": "物流订单",
    "Icon": "mdi-calendar-check-outline",
    "Href": "transportationrecords/index"
  },
  {
    "Id": 27,
    "Title": "异常记录",
    "Icon": "mdi-bell-alert-outline",
    "Href": "abnormalrRecords/index"
  },
  {
    "Id": 28,
    "Title": "自定义异常",
    "Icon": "mdi-alert-box-outline",
    "Href": "abnormalr/index"
  },
  {
    "Id": 4,
    "Title": "车辆建档",
    "Icon": "mdi-car-back",
    "Href": "car/index"
  },

  {
    "Id": 8,
    "Title": "衡管理",
    "Icon": "mdi-calendar-check-outline",
    "Href": "scale/index"
  },
  {
    "Id": 14,
    "Title": "用户管理",
    "Icon": "mdi-account-outline",
    "Href": "user/index"
  }
]
