{"ContentRoots":["E:\\Project\\Github\\TMV\\TMV.Web\\wwwroot\\","C:\\Users\\Administrator\\.nuget\\packages\\skiasharp.views.blazor\\2.88.0-preview.256\\staticwebassets\\","C:\\Users\\Administrator\\.nuget\\packages\\blazorcomponent\\0.6.2\\staticwebassets\\","C:\\Users\\Administrator\\.nuget\\packages\\masa.blazor\\0.6.2\\staticwebassets\\","E:\\Project\\Github\\TMV\\TMV.Web\\obj\\Debug\\net7.0\\jsmodules\\"],"Root":{"Children":{"css":{"Children":{"error.css":{"Children":null,"Asset":{"ContentRootIndex":0,"SubPath":"css/error.css"},"Patterns":null},"fontawesome":{"Children":{"v5.15.4":{"Children":{"css":{"Children":{"all.min.css":{"Children":null,"Asset":{"ContentRootIndex":0,"SubPath":"css/fontawesome/v5.15.4/css/all.min.css"},"Patterns":null}},"Asset":null,"Patterns":null},"webfonts":{"Children":{"fa-brands-400.eot":{"Children":null,"Asset":{"ContentRootIndex":0,"SubPath":"css/fontawesome/v5.15.4/webfonts/fa-brands-400.eot"},"Patterns":null},"fa-brands-400.svg":{"Children":null,"Asset":{"ContentRootIndex":0,"SubPath":"css/fontawesome/v5.15.4/webfonts/fa-brands-400.svg"},"Patterns":null},"fa-brands-400.ttf":{"Children":null,"Asset":{"ContentRootIndex":0,"SubPath":"css/fontawesome/v5.15.4/webfonts/fa-brands-400.ttf"},"Patterns":null},"fa-brands-400.woff":{"Children":null,"Asset":{"ContentRootIndex":0,"SubPath":"css/fontawesome/v5.15.4/webfonts/fa-brands-400.woff"},"Patterns":null},"fa-brands-400.woff2":{"Children":null,"Asset":{"ContentRootIndex":0,"SubPath":"css/fontawesome/v5.15.4/webfonts/fa-brands-400.woff2"},"Patterns":null},"fa-regular-400.eot":{"Children":null,"Asset":{"ContentRootIndex":0,"SubPath":"css/fontawesome/v5.15.4/webfonts/fa-regular-400.eot"},"Patterns":null},"fa-regular-400.svg":{"Children":null,"Asset":{"ContentRootIndex":0,"SubPath":"css/fontawesome/v5.15.4/webfonts/fa-regular-400.svg"},"Patterns":null},"fa-regular-400.ttf":{"Children":null,"Asset":{"ContentRootIndex":0,"SubPath":"css/fontawesome/v5.15.4/webfonts/fa-regular-400.ttf"},"Patterns":null},"fa-regular-400.woff":{"Children":null,"Asset":{"ContentRootIndex":0,"SubPath":"css/fontawesome/v5.15.4/webfonts/fa-regular-400.woff"},"Patterns":null},"fa-regular-400.woff2":{"Children":null,"Asset":{"ContentRootIndex":0,"SubPath":"css/fontawesome/v5.15.4/webfonts/fa-regular-400.woff2"},"Patterns":null},"fa-solid-900.eot":{"Children":null,"Asset":{"ContentRootIndex":0,"SubPath":"css/fontawesome/v5.15.4/webfonts/fa-solid-900.eot"},"Patterns":null},"fa-solid-900.svg":{"Children":null,"Asset":{"ContentRootIndex":0,"SubPath":"css/fontawesome/v5.15.4/webfonts/fa-solid-900.svg"},"Patterns":null},"fa-solid-900.ttf":{"Children":null,"Asset":{"ContentRootIndex":0,"SubPath":"css/fontawesome/v5.15.4/webfonts/fa-solid-900.ttf"},"Patterns":null},"fa-solid-900.woff":{"Children":null,"Asset":{"ContentRootIndex":0,"SubPath":"css/fontawesome/v5.15.4/webfonts/fa-solid-900.woff"},"Patterns":null},"fa-solid-900.woff2":{"Children":null,"Asset":{"ContentRootIndex":0,"SubPath":"css/fontawesome/v5.15.4/webfonts/fa-solid-900.woff2"},"Patterns":null}},"Asset":null,"Patterns":null}},"Asset":null,"Patterns":null}},"Asset":null,"Patterns":null},"masa-blazor-pro.css":{"Children":null,"Asset":{"ContentRootIndex":0,"SubPath":"css/masa-blazor-pro.css"},"Patterns":null},"materialdesign":{"Children":{"v6.x":{"Children":{"css":{"Children":{"materialdesignicons.min.css":{"Children":null,"Asset":{"ContentRootIndex":0,"SubPath":"css/materialdesign/v6.x/css/materialdesignicons.min.css"},"Patterns":null}},"Asset":null,"Patterns":null},"fonts":{"Children":{"materialdesignicons-webfont.eot":{"Children":null,"Asset":{"ContentRootIndex":0,"SubPath":"css/materialdesign/v6.x/fonts/materialdesignicons-webfont.eot"},"Patterns":null},"materialdesignicons-webfont.ttf":{"Children":null,"Asset":{"ContentRootIndex":0,"SubPath":"css/materialdesign/v6.x/fonts/materialdesignicons-webfont.ttf"},"Patterns":null},"materialdesignicons-webfont.woff":{"Children":null,"Asset":{"ContentRootIndex":0,"SubPath":"css/materialdesign/v6.x/fonts/materialdesignicons-webfont.woff"},"Patterns":null},"materialdesignicons-webfont.woff2":{"Children":null,"Asset":{"ContentRootIndex":0,"SubPath":"css/materialdesign/v6.x/fonts/materialdesignicons-webfont.woff2"},"Patterns":null}},"Asset":null,"Patterns":null}},"Asset":null,"Patterns":null}},"Asset":null,"Patterns":null},"material":{"Children":{"icons.css":{"Children":null,"Asset":{"ContentRootIndex":0,"SubPath":"css/material/icons.css"},"Patterns":null}},"Asset":null,"Patterns":null}},"Asset":null,"Patterns":null},"favicon.ico":{"Children":null,"Asset":{"ContentRootIndex":0,"SubPath":"favicon.ico"},"Patterns":null},"i18n":{"Children":{"en-US.json":{"Children":null,"Asset":{"ContentRootIndex":0,"SubPath":"i18n/en-US.json"},"Patterns":null},"supportedCultures.json":{"Children":null,"Asset":{"ContentRootIndex":0,"SubPath":"i18n/supportedCultures.json"},"Patterns":null},"zh-CN.json":{"Children":null,"Asset":{"ContentRootIndex":0,"SubPath":"i18n/zh-CN.json"},"Patterns":null}},"Asset":null,"Patterns":null},"img":{"Children":{"analytics":{"Children":{"json.png":{"Children":null,"Asset":{"ContentRootIndex":0,"SubPath":"img/analytics/json.png"},"Patterns":null},"left.png":{"Children":null,"Asset":{"ContentRootIndex":0,"SubPath":"img/analytics/left.png"},"Patterns":null},"right.png":{"Children":null,"Asset":{"ContentRootIndex":0,"SubPath":"img/analytics/right.png"},"Patterns":null}},"Asset":null,"Patterns":null},"apps-eCommerce":{"Children":{"1.png":{"Children":null,"Asset":{"ContentRootIndex":0,"SubPath":"img/apps-eCommerce/1.png"},"Patterns":null},"2.png":{"Children":null,"Asset":{"ContentRootIndex":0,"SubPath":"img/apps-eCommerce/2.png"},"Patterns":null},"3.png":{"Children":null,"Asset":{"ContentRootIndex":0,"SubPath":"img/apps-eCommerce/3.png"},"Patterns":null},"5.png":{"Children":null,"Asset":{"ContentRootIndex":0,"SubPath":"img/apps-eCommerce/5.png"},"Patterns":null},"6.png":{"Children":null,"Asset":{"ContentRootIndex":0,"SubPath":"img/apps-eCommerce/6.png"},"Patterns":null},"7.png":{"Children":null,"Asset":{"ContentRootIndex":0,"SubPath":"img/apps-eCommerce/7.png"},"Patterns":null}},"Asset":null,"Patterns":null},"auth":{"Children":{"forgot-password-v2.9faba3c1.svg":{"Children":null,"Asset":{"ContentRootIndex":0,"SubPath":"img/auth/forgot-password-v2.9faba3c1.svg"},"Patterns":null},"register-v2.0a9e487c.svg":{"Children":null,"Asset":{"ContentRootIndex":0,"SubPath":"img/auth/register-v2.0a9e487c.svg"},"Patterns":null}},"Asset":null,"Patterns":null},"avatar":{"Children":{"1.svg":{"Children":null,"Asset":{"ContentRootIndex":0,"SubPath":"img/avatar/1.svg"},"Patterns":null},"10.svg":{"Children":null,"Asset":{"ContentRootIndex":0,"SubPath":"img/avatar/10.svg"},"Patterns":null},"11.svg":{"Children":null,"Asset":{"ContentRootIndex":0,"SubPath":"img/avatar/11.svg"},"Patterns":null},"12.svg":{"Children":null,"Asset":{"ContentRootIndex":0,"SubPath":"img/avatar/12.svg"},"Patterns":null},"13.svg":{"Children":null,"Asset":{"ContentRootIndex":0,"SubPath":"img/avatar/13.svg"},"Patterns":null},"14.svg":{"Children":null,"Asset":{"ContentRootIndex":0,"SubPath":"img/avatar/14.svg"},"Patterns":null},"2.svg":{"Children":null,"Asset":{"ContentRootIndex":0,"SubPath":"img/avatar/2.svg"},"Patterns":null},"3.svg":{"Children":null,"Asset":{"ContentRootIndex":0,"SubPath":"img/avatar/3.svg"},"Patterns":null},"4.svg":{"Children":null,"Asset":{"ContentRootIndex":0,"SubPath":"img/avatar/4.svg"},"Patterns":null},"7.svg":{"Children":null,"Asset":{"ContentRootIndex":0,"SubPath":"img/avatar/7.svg"},"Patterns":null},"8.svg":{"Children":null,"Asset":{"ContentRootIndex":0,"SubPath":"img/avatar/8.svg"},"Patterns":null},"9.svg":{"Children":null,"Asset":{"ContentRootIndex":0,"SubPath":"img/avatar/9.svg"},"Patterns":null}},"Asset":null,"Patterns":null},"eCommerce":{"Children":{"rectangle.png":{"Children":null,"Asset":{"ContentRootIndex":0,"SubPath":"img/eCommerce/rectangle.png"},"Patterns":null},"trophy.png":{"Children":null,"Asset":{"ContentRootIndex":0,"SubPath":"img/eCommerce/trophy.png"},"Patterns":null}},"Asset":null,"Patterns":null},"login":{"Children":{"2873.png":{"Children":null,"Asset":{"ContentRootIndex":0,"SubPath":"img/login/2873.png"},"Patterns":null},"Gxwd.png":{"Children":null,"Asset":{"ContentRootIndex":0,"SubPath":"img/login/Gxwd.png"},"Patterns":null},"left.svg":{"Children":null,"Asset":{"ContentRootIndex":0,"SubPath":"img/login/left.svg"},"Patterns":null}},"Asset":null,"Patterns":null},"mainLayout":{"Children":{"logo-en.svg":{"Children":null,"Asset":{"ContentRootIndex":0,"SubPath":"img/mainLayout/logo-en.svg"},"Patterns":null},"logo.svg":{"Children":null,"Asset":{"ContentRootIndex":0,"SubPath":"img/mainLayout/logo.svg"},"Patterns":null}},"Asset":null,"Patterns":null},"status":{"Children":{"401.png":{"Children":null,"Asset":{"ContentRootIndex":0,"SubPath":"img/status/401.png"},"Patterns":null},"404.png":{"Children":null,"Asset":{"ContentRootIndex":0,"SubPath":"img/status/404.png"},"Patterns":null},"500.png":{"Children":null,"Asset":{"ContentRootIndex":0,"SubPath":"img/status/500.png"},"Patterns":null}},"Asset":null,"Patterns":null}},"Asset":null,"Patterns":null},"js":{"Children":{"echarts":{"Children":{"5.1.1":{"Children":{"echarts.min.js":{"Children":null,"Asset":{"ContentRootIndex":0,"SubPath":"js/echarts/5.1.1/echarts.min.js"},"Patterns":null}},"Asset":null,"Patterns":null}},"Asset":null,"Patterns":null},"warning.js":{"Children":null,"Asset":{"ContentRootIndex":0,"SubPath":"js/warning.js"},"Patterns":null}},"Asset":null,"Patterns":null},"nav":{"Children":{"nav.json":{"Children":null,"Asset":{"ContentRootIndex":0,"SubPath":"nav/nav.json"},"Patterns":null}},"Asset":null,"Patterns":null},"_content":{"Children":{"SkiaSharp.Views.Blazor":{"Children":{"DpiWatcher.js":{"Children":null,"Asset":{"ContentRootIndex":1,"SubPath":"DpiWatcher.js"},"Patterns":null},"SizeWatcher.js":{"Children":null,"Asset":{"ContentRootIndex":1,"SubPath":"SizeWatcher.js"},"Patterns":null},"SKHtmlCanvas.js":{"Children":null,"Asset":{"ContentRootIndex":1,"SubPath":"SKHtmlCanvas.js"},"Patterns":null}},"Asset":null,"Patterns":null},"BlazorComponent":{"Children":{"js":{"Children":{"blazor-component.js":{"Children":null,"Asset":{"ContentRootIndex":2,"SubPath":"js/blazor-component.js"},"Patterns":null},"blazor-component.js.map":{"Children":null,"Asset":{"ContentRootIndex":2,"SubPath":"js/blazor-component.js.map"},"Patterns":null},"delayable.js":{"Children":null,"Asset":{"ContentRootIndex":2,"SubPath":"js/delayable.js"},"Patterns":null},"input.js":{"Children":null,"Asset":{"ContentRootIndex":2,"SubPath":"js/input.js"},"Patterns":null},"input.js.map":{"Children":null,"Asset":{"ContentRootIndex":2,"SubPath":"js/input.js.map"},"Patterns":null},"transition.js":{"Children":null,"Asset":{"ContentRootIndex":2,"SubPath":"js/transition.js"},"Patterns":null}},"Asset":null,"Patterns":null}},"Asset":null,"Patterns":null},"Masa.Blazor":{"Children":{"css":{"Children":{"masa-blazor.css":{"Children":null,"Asset":{"ContentRootIndex":3,"SubPath":"css/masa-blazor.css"},"Patterns":null},"masa-blazor.extend.css":{"Children":null,"Asset":{"ContentRootIndex":3,"SubPath":"css/masa-blazor.extend.css"},"Patterns":null},"masa-blazor.min.css":{"Children":null,"Asset":{"ContentRootIndex":3,"SubPath":"css/masa-blazor.min.css"},"Patterns":null},"quill":{"Children":{"quill-emoji.css":{"Children":null,"Asset":{"ContentRootIndex":3,"SubPath":"css/quill/quill-emoji.css"},"Patterns":null},"quill.bubble.css":{"Children":null,"Asset":{"ContentRootIndex":3,"SubPath":"css/quill/quill.bubble.css"},"Patterns":null},"quilljs-markdown-common-style.css":{"Children":null,"Asset":{"ContentRootIndex":3,"SubPath":"css/quill/quilljs-markdown-common-style.css"},"Patterns":null},"quilljs-markdown-common-style.css.map":{"Children":null,"Asset":{"ContentRootIndex":3,"SubPath":"css/quill/quilljs-markdown-common-style.css.map"},"Patterns":null}},"Asset":null,"Patterns":null}},"Asset":null,"Patterns":null},"images":{"Children":{"quill":{"Children":{"1e7b63404cd2fb8e6525b2fd4ee4d286.png":{"Children":null,"Asset":{"ContentRootIndex":3,"SubPath":"images/quill/1e7b63404cd2fb8e6525b2fd4ee4d286.png"},"Patterns":null}},"Asset":null,"Patterns":null}},"Asset":null,"Patterns":null},"js":{"Children":{"Dragzone":{"Children":{"sorttable-helper.js":{"Children":null,"Asset":{"ContentRootIndex":3,"SubPath":"js/Dragzone/sorttable-helper.js"},"Patterns":null}},"Asset":null,"Patterns":null},"echarts-helper.js":{"Children":null,"Asset":{"ContentRootIndex":3,"SubPath":"js/echarts-helper.js"},"Patterns":null},"Masa.Blazor.lib.module.js":{"Children":null,"Asset":{"ContentRootIndex":3,"SubPath":"js/Masa.Blazor.lib.module.js"},"Patterns":null},"quill":{"Children":{"quill-blot-formatter.min.js":{"Children":null,"Asset":{"ContentRootIndex":3,"SubPath":"js/quill/quill-blot-formatter.min.js"},"Patterns":null},"quill-emoji.js":{"Children":null,"Asset":{"ContentRootIndex":3,"SubPath":"js/quill/quill-emoji.js"},"Patterns":null},"quill-helper.js":{"Children":null,"Asset":{"ContentRootIndex":3,"SubPath":"js/quill/quill-helper.js"},"Patterns":null},"quilljs-markdown.js":{"Children":null,"Asset":{"ContentRootIndex":3,"SubPath":"js/quill/quilljs-markdown.js"},"Patterns":null},"quilljs-markdown.js.map":{"Children":null,"Asset":{"ContentRootIndex":3,"SubPath":"js/quill/quilljs-markdown.js.map"},"Patterns":null}},"Asset":null,"Patterns":null},"vditor":{"Children":{"vditor-helper.js":{"Children":null,"Asset":{"ContentRootIndex":3,"SubPath":"js/vditor/vditor-helper.js"},"Patterns":null}},"Asset":null,"Patterns":null}},"Asset":null,"Patterns":null},"logo_masablazor_48.png":{"Children":null,"Asset":{"ContentRootIndex":3,"SubPath":"logo_masablazor_48.png"},"Patterns":null}},"Asset":null,"Patterns":null}},"Asset":null,"Patterns":null},"TMV.Web.modules.json":{"Children":null,"Asset":{"ContentRootIndex":4,"SubPath":"jsmodules.build.manifest.json"},"Patterns":null}},"Asset":null,"Patterns":[{"ContentRootIndex":0,"Pattern":"**","Depth":0}]}}