<?xml version="1.0"?>
<doc>
    <assembly>
        <name>TMV.Application</name>
    </assembly>
    <members>
        <member name="M:TMV.Application.AuthService.AuthService.Login(TMV.DTO.Authorization.LoginInputDTO)">
            <summary>
            登录
            </summary>
            <param name="loginInputDTO"></param>
            <returns></returns>
        </member>
        <member name="M:TMV.Application.AuthService.AuthService.LoginOut">
            <summary>
            退出
            </summary>
            <returns></returns>
        </member>
        <member name="M:TMV.Application.AuthService.AuthService.SetDataInfo(System.String)">
            <summary>
            衡传送数据接口
            </summary>
            <param name="data"></param>
            <returns></returns>
        </member>
        <member name="M:TMV.Application.Car.CarService.GetCarList(TMV.DTO.Car.Request_Car)">
            <summary>
            获取车辆列表
            </summary>
            <returns></returns>
        </member>
        <member name="M:TMV.Application.Car.CarService.AddCar(TMV.DTO.Car.CarModel)">
            <summary>
            添加车辆
            </summary>
            <returns></returns>
        </member>
        <member name="M:TMV.Application.Car.CarService.UpCar(TMV.DTO.Car.CarModel)">
            <summary>
            修改车辆
            </summary>
            <param name="model"></param>
            <returns></returns>
        </member>
        <member name="M:TMV.Application.Car.CarService.DeCar(System.Guid)">
            <summary>
            删除车辆
            </summary>
            <param name="Id"></param>
            <returns></returns>
        </member>
        <member name="M:TMV.Application.Home.Services.IHomeServiceDM.GetHomeCount">
            <summary>
            获取统计信息
            </summary>
            <returns></returns>
        </member>
        <member name="M:TMV.Application.Home.Services.IHomeServiceDM.GetHomeTransportationRecordsList">
            <summary>
            获取首页物流订单
            </summary>
            <returns></returns>
        </member>
        <member name="M:TMV.Application.Home.Services.IHomeServiceDM.GetScData">
            <summary>
            获取上传数据信息
            </summary>
            <returns></returns>
        </member>
        <member name="M:TMV.Application.Home.Services.IHomeServiceDM.UpScData(System.Collections.Generic.List{System.String})">
            <summary>
            上传完成后，处理上传数据状态
            </summary>
            <returns></returns>
        </member>
        <member name="M:TMV.Application.Home.Services.IHomeServiceDM.GetRecordData(System.String)">
            <summary>
            衡实时信息
            </summary>
            <param name="PlateNumber">车牌号</param>
            <returns></returns>
        </member>
        <member name="M:TMV.Application.Scale.ScaleService.GetScaleList(TMV.DTO.Scale.Request_Scale)">
            <summary>
            获取衡列表
            </summary>
            <returns></returns>
        </member>
        <member name="M:TMV.Application.Scale.ScaleService.AddScale(TMV.DTO.Scale.ScaleModel)">
            <summary>
            添加衡
            </summary>
            <returns></returns>
        </member>
        <member name="M:TMV.Application.Scale.ScaleService.UpScale(TMV.DTO.Scale.ScaleModel)">
            <summary>
            修改衡
            </summary>
            <param name="model"></param>
            <returns></returns>
        </member>
        <member name="M:TMV.Application.Scale.ScaleService.DeScale(System.Guid)">
            <summary>
            启用弃用衡
            </summary>
            <param name="Id"></param>
            <returns></returns>
        </member>
        <member name="M:TMV.Application.Scale.Services.IScaleServiceDM.GetScalageRecordsDTO2List(TMV.DTO.Tr.Request_ScalageRecordsDTO2)">
            <summary>
            运煤集中计量下面的统计
            </summary>
            <param name="dto"></param>
            <returns></returns>
        </member>
        <member name="M:TMV.Application.TransportPlan.TransportPlanService.GetTransportPlanList(TMV.DTO.TransportPlan.Request_TransportPlan)">
            <summary>
            获取运输计划列表
            </summary>
            <returns></returns>
        </member>
        <member name="M:TMV.Application.TransportPlan.TransportPlanService.AddTransportPlan(TMV.DTO.TransportPlan.TransportPlanModel)">
            <summary>
            添加运输计划
            </summary>
            <returns></returns>
        </member>
        <member name="M:TMV.Application.TransportPlan.TransportPlanService.UpTransportPlan(TMV.DTO.TransportPlan.TransportPlanModel)">
            <summary>
            修改运输计划
            </summary>
            <param name="model"></param>
            <returns></returns>
        </member>
        <member name="M:TMV.Application.TransportPlan.TransportPlanService.DeTransportPlan(System.Guid)">
            <summary>
            删除运输计划
            </summary>
            <param name="Id"></param>
            <returns></returns>
        </member>
        <member name="M:TMV.Application.Tr.Services.ITrServiceDM.GetTransportationRecordsList(TMV.DTO.Tr.Request_TransportationRecords)">
            <summary>
            获取物流订单
            </summary>
            <param name="dto"></param>
            <returns></returns>
        </member>
        <member name="M:TMV.Application.Tr.Services.ITrServiceDM.AddTransportationRecords(TMV.DTO.Tr.TransportationRecordsModel)">
            <summary>
            添加物流订单
            </summary>
            <param name="model"></param>
            <returns></returns>
        </member>
        <member name="M:TMV.Application.Tr.Services.ITrServiceDM.UpTransportationRecords(TMV.DTO.Tr.TransportationRecordsModel)">
            <summary>
            修改物流订单
            </summary>
            <param name="model"></param>
            <returns></returns>
        </member>
        <member name="M:TMV.Application.Tr.Services.ITrServiceDM.DeTransportationRecords(System.Guid)">
            <summary>
            删除物流订单
            </summary>
            <param name="id"></param>
            <returns></returns>
        </member>
        <member name="M:TMV.Application.Tr.Services.ITrServiceDM.GetScalageRecordsList(TMV.DTO.Tr.Request_ScalageRecordsDTO)">
            <summary>
            获取称重记录
            </summary>
            <param name="dto"></param>
            <returns></returns>
        </member>
        <member name="M:TMV.Application.Tr.Services.ITrServiceDM.GetDataInfo1(TMV.DTO.Authorization.AuthorizationDTO)">
            <summary>
            Socket解析成物流订单-进场绑卡
            </summary>
            <param name="dto"></param>
            <returns></returns>
        </member>
        <member name="M:TMV.Application.Tr.Services.ITrServiceDM.GetDataInfo2(TMV.DTO.Authorization.AuthorizationDTO)">
            <summary>
            Socket解析成物流订单-毛重
            </summary>
            <param name="dto"></param>
            <returns></returns>
        </member>
        <member name="M:TMV.Application.Users.UsersService.GetUsersList(TMV.DTO.Users.Request_Users)">
            <summary>
            获取用户列表
            </summary>
            <returns></returns>
        </member>
        <member name="M:TMV.Application.Users.UsersService.AddUsers(TMV.DTO.Users.UsersModel)">
            <summary>
            添加用户
            </summary>
            <returns></returns>
        </member>
        <member name="M:TMV.Application.Users.UsersService.UpUsers(TMV.DTO.Users.UsersModel)">
            <summary>
            修改用户
            </summary>
            <param name="model"></param>
            <returns></returns>
        </member>
        <member name="M:TMV.Application.Users.UsersService.DeUsers(System.Guid)">
            <summary>
            删除用户
            </summary>
            <param name="Id"></param>
            <returns></returns>
        </member>
    </members>
</doc>
